NewsId,Agency
test-1,LTN
test-10,CTS
test-100,LTN
test-1000,CTS
test-1001,APD
test-1002,LTN
test-1003,LTN
test-1004,LTN
test-1005,LTN
test-1006,LTN
test-1007,LTN
test-1008,LTN
test-1009,LTN
test-101,CTS
test-1010,CTS
test-1011,LTN
test-1012,CTS
test-1013,CTS
test-1014,CTS
test-1015,CTS
test-1016,LTN
test-1017,LTN
test-1018,LTN
test-1019,LTN
test-102,CTS
test-1020,LTN
test-1021,CTS
test-1022,LTN
test-1023,CTS
test-1024,CTS
test-1025,CTS
test-1026,LTN
test-1027,LTN
test-1028,CTS
test-1029,LTN
test-103,LTN
test-1030,LTN
test-1031,LTN
test-1032,LTN
test-1033,LTN
test-1034,CTS
test-1035,LTN
test-1036,CTS
test-1037,LTN
test-1038,CTS
test-1039,CTS
test-104,CTS
test-1040,LTN
test-1041,LTN
test-1042,LTN
test-1043,APD
test-1044,LTN
test-1045,CTS
test-1046,CTS
test-1047,LTN
test-1048,LTN
test-1049,LTN
test-105,LTN
test-1050,LTN
test-1051,LTN
test-1052,CTS
test-1053,CTS
test-1054,LTN
test-1055,LTN
test-1056,LTN
test-1057,LTN
test-1058,LTN
test-1059,LTN
test-106,CTS
test-1060,APD
test-1061,CTS
test-1062,LTN
test-1063,LTN
test-1064,CTS
test-1065,CTS
test-1066,LTN
test-1067,LTN
test-1068,LTN
test-1069,LTN
test-107,CTS
test-1070,LTN
test-1071,CTS
test-1072,LTN
test-1073,CTS
test-1074,LTN
test-1075,LTN
test-1076,CTS
test-1077,LTN
test-1078,LTN
test-1079,LTN
test-108,LTN
test-1080,CTS
test-1081,LTN
test-1082,LTN
test-1083,CTS
test-1084,LTN
test-1085,LTN
test-1086,LTN
test-1087,CTS
test-1088,LTN
test-1089,LTN
test-109,CTS
test-1090,CTS
test-1091,CTS
test-1092,LTN
test-1093,APD
test-1094,APD
test-1095,LTN
test-1096,LTN
test-1097,LTN
test-1098,LTN
test-1099,LTN
test-11,CTS
test-110,CTS
test-1100,CTS
test-1101,CTS
test-1102,CTS
test-1103,LTN
test-1104,LTN
test-1105,CTS
test-1106,CTS
test-1107,CTS
test-1108,LTN
test-1109,LTN
test-111,LTN
test-1110,LTN
test-1111,APD
test-1112,LTN
test-1113,CTS
test-1114,CTS
test-1115,LTN
test-1116,LTN
test-1117,LTN
test-1118,LTN
test-1119,LTN
test-112,CTS
test-1120,LTN
test-1121,CTS
test-1122,CTS
test-1123,LTN
test-1124,LTN
test-1125,LTN
test-1126,CTS
test-1127,CTS
test-1128,LTN
test-1129,LTN
test-113,CTS
test-1130,CTS
test-1131,CTS
test-1132,LTN
test-1133,CTS
test-1134,LTN
test-1135,LTN
test-1136,LTN
test-1137,CTS
test-1138,CTS
test-1139,CTS
test-114,CTS
test-1140,CTS
test-1141,LTN
test-1142,LTN
test-1143,LTN
test-1144,LTN
test-1145,LTN
test-1146,CTS
test-1147,LTN
test-1148,CTS
test-1149,LTN
test-115,LTN
test-1150,CTS
test-1151,CTS
test-1152,LTN
test-1153,LTN
test-1154,LTN
test-1155,CTS
test-1156,CTS
test-1157,LTN
test-1158,CTS
test-1159,CTS
test-116,LTN
test-1160,LTN
test-1161,LTN
test-1162,CTS
test-1163,LTN
test-1164,LTN
test-1165,LTN
test-1166,CTS
test-1167,CTS
test-1168,CTS
test-1169,LTN
test-117,CTS
test-1170,LTN
test-1171,LTN
test-1172,LTN
test-1173,LTN
test-1174,CTS
test-1175,LTN
test-1176,LTN
test-1177,CTS
test-1178,LTN
test-1179,CTS
test-118,CTS
test-1180,CTS
test-1181,LTN
test-1182,LTN
test-1183,LTN
test-1184,LTN
test-1185,LTN
test-1186,APD
test-1187,CTS
test-1188,CTS
test-1189,CTS
test-119,LTN
test-1190,CTS
test-1191,LTN
test-1192,CTS
test-1193,LTN
test-1194,LTN
test-1195,CTS
test-1196,LTN
test-1197,CTS
test-1198,LTN
test-1199,CTS
test-12,LTN
test-120,LTN
test-1200,LTN
test-1201,LTN
test-1202,CTS
test-1203,LTN
test-1204,LTN
test-1205,LTN
test-1206,LTN
test-1207,LTN
test-1208,LTN
test-1209,LTN
test-121,CTS
test-1210,CTS
test-1211,LTN
test-1212,LTN
test-1213,CTS
test-1214,CTS
test-1215,CTS
test-1216,CTS
test-1217,LTN
test-1218,CTS
test-1219,APD
test-122,LTN
test-1220,LTN
test-1221,CTS
test-1222,CTS
test-1223,CTS
test-1224,LTN
test-1225,LTN
test-1226,LTN
test-1227,LTN
test-1228,CTS
test-1229,CTS
test-123,CTS
test-1230,APD
test-1231,CTS
test-1232,CTS
test-1233,CTS
test-1234,LTN
test-1235,CTS
test-1236,LTN
test-1237,CTS
test-1238,APD
test-1239,LTN
test-124,CTS
test-1240,LTN
test-1241,LTN
test-1242,CTS
test-1243,APD
test-1244,LTN
test-1245,LTN
test-1246,CTS
test-1247,LTN
test-1248,CTS
test-1249,LTN
test-125,LTN
test-1250,LTN
test-1251,APD
test-1252,LTN
test-1253,CTS
test-1254,LTN
test-1255,LTN
test-1256,LTN
test-1257,LTN
test-1258,LTN
test-1259,LTN
test-126,CTS
test-1260,CTS
test-1261,CTS
test-1262,LTN
test-1263,LTN
test-1264,CTS
test-1265,LTN
test-1266,APD
test-1267,CTS
test-1268,CTS
test-1269,CTS
test-127,CTS
test-1270,LTN
test-1271,APD
test-1272,CTS
test-1273,LTN
test-1274,LTN
test-1275,LTN
test-1276,LTN
test-1277,LTN
test-1278,LTN
test-1279,LTN
test-128,LTN
test-1280,LTN
test-1281,LTN
test-1282,CTS
test-1283,LTN
test-1284,LTN
test-1285,LTN
test-1286,LTN
test-1287,CTS
test-1288,CTS
test-1289,LTN
test-129,CTS
test-1290,APD
test-1291,CTS
test-1292,LTN
test-1293,LTN
test-1294,LTN
test-1295,LTN
test-1296,LTN
test-1297,LTN
test-1298,CTS
test-1299,LTN
test-13,CTS
test-130,LTN
test-1300,CTS
test-1301,APD
test-1302,LTN
test-1303,LTN
test-1304,LTN
test-1305,LTN
test-1306,CTS
test-1307,CTS
test-1308,LTN
test-1309,LTN
test-131,LTN
test-1310,LTN
test-1311,LTN
test-1312,CTS
test-1313,LTN
test-1314,CTS
test-1315,LTN
test-1316,APD
test-1317,LTN
test-1318,CTS
test-1319,LTN
test-132,LTN
test-1320,CTS
test-1321,CTS
test-1322,APD
test-1323,LTN
test-1324,CTS
test-1325,LTN
test-1326,LTN
test-1327,LTN
test-1328,LTN
test-1329,LTN
test-133,APD
test-1330,LTN
test-1331,CTS
test-1332,CTS
test-1333,CTS
test-1334,CTS
test-1335,CTS
test-1336,LTN
test-1337,LTN
test-1338,LTN
test-1339,LTN
test-134,CTS
test-1340,LTN
test-1341,LTN
test-1342,LTN
test-1343,APD
test-1344,CTS
test-1345,CTS
test-1346,CTS
test-1347,CTS
test-1348,CTS
test-1349,CTS
test-135,LTN
test-1350,CTS
test-1351,LTN
test-1352,LTN
test-1353,APD
test-1354,LTN
test-1355,CTS
test-1356,CTS
test-1357,CTS
test-1358,LTN
test-1359,LTN
test-136,APD
test-1360,LTN
test-1361,LTN
test-1362,APD
test-1363,LTN
test-1364,LTN
test-1365,LTN
test-1366,CTS
test-1367,LTN
test-1368,LTN
test-1369,LTN
test-137,CTS
test-1370,LTN
test-1371,APD
test-1372,LTN
test-1373,LTN
test-1374,LTN
test-1375,APD
test-1376,LTN
test-1377,LTN
test-1378,CTS
test-1379,APD
test-138,LTN
test-1380,LTN
test-1381,APD
test-1382,LTN
test-1383,LTN
test-1384,LTN
test-1385,LTN
test-1386,LTN
test-1387,LTN
test-1388,LTN
test-1389,LTN
test-139,LTN
test-1390,CTS
test-1391,LTN
test-1392,LTN
test-1393,CTS
test-1394,CTS
test-1395,LTN
test-1396,CTS
test-1397,LTN
test-1398,CTS
test-1399,LTN
test-14,LTN
test-140,LTN
test-1400,LTN
test-1401,LTN
test-1402,LTN
test-1403,LTN
test-1404,LTN
test-1405,LTN
test-1406,CTS
test-1407,CTS
test-1408,LTN
test-1409,LTN
test-141,LTN
test-1410,LTN
test-1411,LTN
test-1412,APD
test-1413,LTN
test-1414,CTS
test-1415,LTN
test-1416,CTS
test-1417,LTN
test-1418,CTS
test-1419,CTS
test-142,CTS
test-1420,CTS
test-1421,LTN
test-1422,CTS
test-1423,CTS
test-1424,LTN
test-1425,APD
test-1426,LTN
test-1427,LTN
test-1428,CTS
test-1429,CTS
test-143,LTN
test-1430,LTN
test-1431,CTS
test-1432,LTN
test-1433,LTN
test-1434,LTN
test-1435,LTN
test-1436,CTS
test-1437,LTN
test-1438,CTS
test-1439,LTN
test-144,LTN
test-1440,LTN
test-1441,CTS
test-1442,CTS
test-1443,LTN
test-1444,LTN
test-1445,LTN
test-1446,LTN
test-1447,LTN
test-1448,APD
test-1449,LTN
test-145,LTN
test-1450,CTS
test-1451,CTS
test-1452,LTN
test-1453,LTN
test-1454,LTN
test-1455,CTS
test-1456,LTN
test-1457,CTS
test-1458,LTN
test-1459,LTN
test-146,APD
test-1460,LTN
test-1461,CTS
test-1462,CTS
test-1463,LTN
test-1464,LTN
test-1465,LTN
test-1466,CTS
test-1467,LTN
test-1468,LTN
test-1469,LTN
test-147,LTN
test-1470,LTN
test-1471,CTS
test-1472,LTN
test-1473,LTN
test-1474,CTS
test-1475,LTN
test-1476,LTN
test-1477,CTS
test-1478,LTN
test-1479,CTS
test-148,CTS
test-1480,CTS
test-1481,LTN
test-1482,LTN
test-1483,LTN
test-1484,APD
test-1485,LTN
test-1486,CTS
test-1487,LTN
test-1488,LTN
test-1489,LTN
test-149,LTN
test-1490,CTS
test-1491,LTN
test-1492,LTN
test-1493,CTS
test-1494,LTN
test-1495,LTN
test-1496,CTS
test-1497,CTS
test-1498,LTN
test-1499,LTN
test-15,CTS
test-150,LTN
test-1500,LTN
test-1501,APD
test-1502,LTN
test-1503,APD
test-1504,LTN
test-1505,LTN
test-1506,LTN
test-1507,CTS
test-1508,LTN
test-1509,LTN
test-151,LTN
test-1510,LTN
test-1511,LTN
test-1512,LTN
test-1513,CTS
test-1514,LTN
test-1515,CTS
test-1516,LTN
test-1517,LTN
test-1518,LTN
test-1519,CTS
test-152,LTN
test-1520,CTS
test-1521,LTN
test-1522,LTN
test-1523,APD
test-1524,LTN
test-1525,LTN
test-1526,LTN
test-1527,LTN
test-1528,LTN
test-1529,LTN
test-153,LTN
test-1530,CTS
test-1531,LTN
test-1532,LTN
test-1533,CTS
test-1534,APD
test-1535,LTN
test-1536,LTN
test-1537,CTS
test-1538,APD
test-1539,LTN
test-154,CTS
test-1540,LTN
test-1541,LTN
test-1542,CTS
test-1543,CTS
test-1544,LTN
test-1545,LTN
test-1546,LTN
test-1547,CTS
test-1548,APD
test-1549,CTS
test-155,APD
test-1550,CTS
test-1551,CTS
test-1552,LTN
test-1553,LTN
test-1554,APD
test-1555,LTN
test-1556,LTN
test-1557,LTN
test-1558,LTN
test-1559,LTN
test-156,CTS
test-1560,LTN
test-1561,LTN
test-1562,APD
test-1563,CTS
test-1564,APD
test-1565,LTN
test-1566,APD
test-1567,LTN
test-1568,LTN
test-1569,LTN
test-157,LTN
test-1570,CTS
test-1571,LTN
test-1572,CTS
test-1573,APD
test-1574,CTS
test-1575,CTS
test-1576,APD
test-1577,CTS
test-1578,APD
test-1579,CTS
test-158,LTN
test-1580,CTS
test-1581,LTN
test-1582,CTS
test-1583,LTN
test-1584,LTN
test-1585,CTS
test-1586,LTN
test-1587,CTS
test-1588,CTS
test-1589,LTN
test-159,CTS
test-1590,APD
test-1591,LTN
test-1592,CTS
test-1593,LTN
test-1594,LTN
test-1595,LTN
test-1596,LTN
test-1597,CTS
test-1598,LTN
test-1599,LTN
test-16,LTN
test-160,LTN
test-1600,LTN
test-1601,APD
test-1602,CTS
test-1603,CTS
test-1604,LTN
test-1605,LTN
test-1606,LTN
test-1607,CTS
test-1608,LTN
test-1609,CTS
test-161,LTN
test-1610,LTN
test-1611,LTN
test-1612,LTN
test-1613,CTS
test-1614,CTS
test-1615,LTN
test-1616,CTS
test-1617,CTS
test-1618,LTN
test-1619,LTN
test-162,LTN
test-1620,CTS
test-1621,CTS
test-1622,LTN
test-1623,LTN
test-1624,APD
test-1625,LTN
test-1626,APD
test-1627,CTS
test-1628,APD
test-1629,LTN
test-163,LTN
test-1630,LTN
test-1631,LTN
test-1632,CTS
test-1633,CTS
test-1634,CTS
test-1635,CTS
test-1636,LTN
test-1637,LTN
test-1638,CTS
test-1639,CTS
test-164,LTN
test-1640,LTN
test-1641,LTN
test-1642,LTN
test-1643,LTN
test-1644,CTS
test-1645,LTN
test-1646,CTS
test-1647,LTN
test-1648,CTS
test-1649,CTS
test-165,APD
test-1650,LTN
test-1651,LTN
test-1652,LTN
test-1653,LTN
test-1654,LTN
test-1655,LTN
test-1656,CTS
test-1657,LTN
test-1658,LTN
test-1659,CTS
test-166,CTS
test-1660,CTS
test-1661,CTS
test-1662,CTS
test-1663,LTN
test-1664,APD
test-1665,CTS
test-1666,APD
test-1667,CTS
test-1668,LTN
test-1669,APD
test-167,LTN
test-1670,CTS
test-1671,LTN
test-1672,LTN
test-1673,CTS
test-1674,LTN
test-1675,LTN
test-1676,LTN
test-1677,APD
test-1678,LTN
test-1679,LTN
test-168,LTN
test-1680,LTN
test-1681,LTN
test-1682,LTN
test-1683,LTN
test-1684,CTS
test-1685,LTN
test-1686,APD
test-1687,LTN
test-1688,CTS
test-1689,LTN
test-169,LTN
test-1690,LTN
test-1691,LTN
test-1692,LTN
test-1693,LTN
test-1694,CTS
test-1695,CTS
test-1696,LTN
test-1697,LTN
test-1698,LTN
test-1699,CTS
test-17,CTS
test-170,CTS
test-1700,LTN
test-1701,CTS
test-1702,LTN
test-1703,LTN
test-1704,LTN
test-1705,LTN
test-1706,CTS
test-1707,CTS
test-1708,LTN
test-1709,LTN
test-171,CTS
test-1710,LTN
test-1711,CTS
test-1712,LTN
test-1713,CTS
test-1714,LTN
test-1715,LTN
test-1716,LTN
test-1717,CTS
test-1718,LTN
test-1719,LTN
test-172,APD
test-1720,LTN
test-1721,LTN
test-1722,LTN
test-1723,LTN
test-1724,CTS
test-1725,APD
test-1726,CTS
test-1727,CTS
test-1728,LTN
test-1729,LTN
test-173,LTN
test-1730,LTN
test-1731,LTN
test-1732,LTN
test-1733,LTN
test-1734,LTN
test-1735,LTN
test-1736,LTN
test-1737,LTN
test-1738,CTS
test-1739,APD
test-174,LTN
test-1740,LTN
test-1741,LTN
test-1742,APD
test-1743,CTS
test-1744,LTN
test-1745,APD
test-1746,APD
test-1747,APD
test-1748,CTS
test-1749,APD
test-175,CTS
test-1750,CTS
test-1751,LTN
test-1752,CTS
test-1753,CTS
test-1754,LTN
test-1755,CTS
test-1756,LTN
test-1757,CTS
test-1758,LTN
test-1759,LTN
test-176,CTS
test-1760,APD
test-1761,LTN
test-1762,CTS
test-1763,LTN
test-1764,LTN
test-1765,LTN
test-1766,LTN
test-1767,CTS
test-1768,CTS
test-1769,LTN
test-177,LTN
test-1770,LTN
test-1771,CTS
test-1772,LTN
test-1773,CTS
test-1774,LTN
test-1775,CTS
test-1776,LTN
test-1777,LTN
test-1778,LTN
test-1779,LTN
test-178,CTS
test-1780,LTN
test-1781,CTS
test-1782,LTN
test-1783,LTN
test-1784,APD
test-1785,LTN
test-1786,LTN
test-1787,LTN
test-1788,LTN
test-1789,LTN
test-179,LTN
test-1790,CTS
test-1791,LTN
test-1792,CTS
test-1793,CTS
test-1794,CTS
test-1795,LTN
test-1796,CTS
test-1797,CTS
test-1798,CTS
test-1799,CTS
test-18,LTN
test-180,CTS
test-1800,CTS
test-1801,CTS
test-1802,CTS
test-1803,LTN
test-1804,LTN
test-1805,LTN
test-181,CTS
test-182,CTS
test-183,CTS
test-184,CTS
test-185,CTS
test-186,LTN
test-187,LTN
test-188,CTS
test-189,LTN
test-19,LTN
test-190,CTS
test-191,LTN
test-192,CTS
test-193,CTS
test-194,CTS
test-195,LTN
test-196,LTN
test-197,LTN
test-198,LTN
test-199,CTS
test-2,LTN
test-20,LTN
test-200,CTS
test-201,LTN
test-202,LTN
test-203,APD
test-204,LTN
test-205,CTS
test-206,APD
test-207,LTN
test-208,LTN
test-209,CTS
test-21,LTN
test-210,LTN
test-211,APD
test-212,CTS
test-213,CTS
test-214,LTN
test-215,LTN
test-216,LTN
test-217,LTN
test-218,LTN
test-219,CTS
test-22,LTN
test-220,LTN
test-221,CTS
test-222,LTN
test-223,CTS
test-224,LTN
test-225,LTN
test-226,LTN
test-227,APD
test-228,LTN
test-229,CTS
test-23,LTN
test-230,LTN
test-231,LTN
test-232,CTS
test-233,CTS
test-234,CTS
test-235,LTN
test-236,LTN
test-237,CTS
test-238,CTS
test-239,LTN
test-24,LTN
test-240,CTS
test-241,CTS
test-242,APD
test-243,LTN
test-244,LTN
test-245,LTN
test-246,LTN
test-247,CTS
test-248,CTS
test-249,CTS
test-25,LTN
test-250,APD
test-251,LTN
test-252,CTS
test-253,LTN
test-254,CTS
test-255,LTN
test-256,LTN
test-257,LTN
test-258,LTN
test-259,APD
test-26,LTN
test-260,LTN
test-261,LTN
test-262,LTN
test-263,LTN
test-264,LTN
test-265,CTS
test-266,APD
test-267,CTS
test-268,CTS
test-269,CTS
test-27,LTN
test-270,LTN
test-271,APD
test-272,CTS
test-273,APD
test-274,LTN
test-275,CTS
test-276,LTN
test-277,LTN
test-278,LTN
test-279,CTS
test-28,LTN
test-280,LTN
test-281,CTS
test-282,LTN
test-283,CTS
test-284,LTN
test-285,LTN
test-286,CTS
test-287,CTS
test-288,LTN
test-289,LTN
test-29,LTN
test-290,CTS
test-291,LTN
test-292,LTN
test-293,LTN
test-294,CTS
test-295,LTN
test-296,CTS
test-297,CTS
test-298,CTS
test-299,LTN
test-3,CTS
test-30,CTS
test-300,LTN
test-301,LTN
test-302,CTS
test-303,CTS
test-304,LTN
test-305,CTS
test-306,CTS
test-307,CTS
test-308,LTN
test-309,CTS
test-31,LTN
test-310,LTN
test-311,LTN
test-312,LTN
test-313,CTS
test-314,CTS
test-315,CTS
test-316,CTS
test-317,CTS
test-318,CTS
test-319,CTS
test-32,LTN
test-320,LTN
test-321,LTN
test-322,CTS
test-323,LTN
test-324,LTN
test-325,APD
test-326,LTN
test-327,LTN
test-328,CTS
test-329,CTS
test-33,LTN
test-330,CTS
test-331,LTN
test-332,LTN
test-333,LTN
test-334,CTS
test-335,LTN
test-336,LTN
test-337,CTS
test-338,LTN
test-339,APD
test-34,CTS
test-340,LTN
test-341,LTN
test-342,CTS
test-343,CTS
test-344,LTN
test-345,LTN
test-346,CTS
test-347,CTS
test-348,CTS
test-349,CTS
test-35,CTS
test-350,LTN
test-351,CTS
test-352,LTN
test-353,LTN
test-354,CTS
test-355,CTS
test-356,CTS
test-357,LTN
test-358,CTS
test-359,LTN
test-36,APD
test-360,LTN
test-361,LTN
test-362,LTN
test-363,CTS
test-364,CTS
test-365,LTN
test-366,LTN
test-367,LTN
test-368,LTN
test-369,CTS
test-37,CTS
test-370,CTS
test-371,APD
test-372,CTS
test-373,LTN
test-374,LTN
test-375,CTS
test-376,CTS
test-377,LTN
test-378,LTN
test-379,CTS
test-38,CTS
test-380,CTS
test-381,CTS
test-382,LTN
test-383,APD
test-384,LTN
test-385,CTS
test-386,LTN
test-387,CTS
test-388,CTS
test-389,CTS
test-39,APD
test-390,APD
test-391,CTS
test-392,LTN
test-393,LTN
test-394,CTS
test-395,CTS
test-396,LTN
test-397,CTS
test-398,LTN
test-399,LTN
test-4,LTN
test-40,LTN
test-400,LTN
test-401,CTS
test-402,APD
test-403,CTS
test-404,LTN
test-405,LTN
test-406,CTS
test-407,CTS
test-408,CTS
test-409,CTS
test-41,LTN
test-410,CTS
test-411,LTN
test-412,LTN
test-413,LTN
test-414,CTS
test-415,CTS
test-416,CTS
test-417,LTN
test-418,CTS
test-419,CTS
test-42,CTS
test-420,LTN
test-421,CTS
test-422,LTN
test-423,LTN
test-424,CTS
test-425,CTS
test-426,LTN
test-427,CTS
test-428,CTS
test-429,CTS
test-43,CTS
test-430,CTS
test-431,CTS
test-432,LTN
test-433,CTS
test-434,LTN
test-435,LTN
test-436,CTS
test-437,LTN
test-438,LTN
test-439,LTN
test-44,LTN
test-440,LTN
test-441,LTN
test-442,APD
test-443,CTS
test-444,LTN
test-445,LTN
test-446,LTN
test-447,LTN
test-448,CTS
test-449,CTS
test-45,APD
test-450,LTN
test-451,LTN
test-452,LTN
test-453,APD
test-454,LTN
test-455,LTN
test-456,CTS
test-457,CTS
test-458,LTN
test-459,CTS
test-46,CTS
test-460,CTS
test-461,LTN
test-462,LTN
test-463,LTN
test-464,CTS
test-465,CTS
test-466,CTS
test-467,LTN
test-468,CTS
test-469,LTN
test-47,APD
test-470,LTN
test-471,CTS
test-472,LTN
test-473,LTN
test-474,LTN
test-475,LTN
test-476,APD
test-477,CTS
test-478,LTN
test-479,LTN
test-48,CTS
test-480,CTS
test-481,CTS
test-482,LTN
test-483,LTN
test-484,LTN
test-485,LTN
test-486,CTS
test-487,CTS
test-488,CTS
test-489,LTN
test-49,CTS
test-490,CTS
test-491,CTS
test-492,LTN
test-493,LTN
test-494,CTS
test-495,LTN
test-496,APD
test-497,CTS
test-498,CTS
test-499,LTN
test-5,LTN
test-50,CTS
test-500,LTN
test-501,LTN
test-502,CTS
test-503,LTN
test-504,CTS
test-505,CTS
test-506,LTN
test-507,APD
test-508,CTS
test-509,CTS
test-51,CTS
test-510,LTN
test-511,APD
test-512,LTN
test-513,LTN
test-514,LTN
test-515,CTS
test-516,LTN
test-517,APD
test-518,CTS
test-519,LTN
test-52,LTN
test-520,LTN
test-521,CTS
test-522,LTN
test-523,CTS
test-524,LTN
test-525,LTN
test-526,LTN
test-527,CTS
test-528,APD
test-529,CTS
test-53,CTS
test-530,LTN
test-531,APD
test-532,CTS
test-533,CTS
test-534,LTN
test-535,CTS
test-536,LTN
test-537,LTN
test-538,LTN
test-539,LTN
test-54,APD
test-540,LTN
test-541,LTN
test-542,LTN
test-543,CTS
test-544,LTN
test-545,LTN
test-546,CTS
test-547,LTN
test-548,CTS
test-549,LTN
test-55,CTS
test-550,LTN
test-551,CTS
test-552,LTN
test-553,LTN
test-554,LTN
test-555,LTN
test-556,LTN
test-557,LTN
test-558,LTN
test-559,LTN
test-56,LTN
test-560,LTN
test-561,CTS
test-562,LTN
test-563,CTS
test-564,LTN
test-565,CTS
test-566,CTS
test-567,LTN
test-568,LTN
test-569,CTS
test-57,LTN
test-570,LTN
test-571,LTN
test-572,LTN
test-573,LTN
test-574,APD
test-575,CTS
test-576,LTN
test-577,LTN
test-578,LTN
test-579,LTN
test-58,LTN
test-580,CTS
test-581,CTS
test-582,LTN
test-583,LTN
test-584,CTS
test-585,CTS
test-586,CTS
test-587,CTS
test-588,LTN
test-589,LTN
test-59,APD
test-590,LTN
test-591,LTN
test-592,APD
test-593,CTS
test-594,CTS
test-595,CTS
test-596,LTN
test-597,CTS
test-598,CTS
test-599,LTN
test-6,LTN
test-60,LTN
test-600,LTN
test-601,LTN
test-602,LTN
test-603,LTN
test-604,LTN
test-605,LTN
test-606,LTN
test-607,LTN
test-608,LTN
test-609,LTN
test-61,CTS
test-610,LTN
test-611,LTN
test-612,LTN
test-613,LTN
test-614,LTN
test-615,LTN
test-616,CTS
test-617,LTN
test-618,LTN
test-619,LTN
test-62,LTN
test-620,LTN
test-621,LTN
test-622,LTN
test-623,CTS
test-624,APD
test-625,CTS
test-626,LTN
test-627,LTN
test-628,LTN
test-629,CTS
test-63,LTN
test-630,CTS
test-631,LTN
test-632,CTS
test-633,CTS
test-634,LTN
test-635,CTS
test-636,LTN
test-637,CTS
test-638,CTS
test-639,LTN
test-64,CTS
test-640,CTS
test-641,LTN
test-642,CTS
test-643,LTN
test-644,LTN
test-645,LTN
test-646,LTN
test-647,LTN
test-648,APD
test-649,CTS
test-65,LTN
test-650,LTN
test-651,LTN
test-652,CTS
test-653,LTN
test-654,LTN
test-655,CTS
test-656,CTS
test-657,LTN
test-658,CTS
test-659,LTN
test-66,CTS
test-660,CTS
test-661,CTS
test-662,CTS
test-663,CTS
test-664,LTN
test-665,LTN
test-666,LTN
test-667,APD
test-668,CTS
test-669,CTS
test-67,LTN
test-670,CTS
test-671,LTN
test-672,LTN
test-673,LTN
test-674,LTN
test-675,APD
test-676,CTS
test-677,CTS
test-678,LTN
test-679,CTS
test-68,CTS
test-680,LTN
test-681,CTS
test-682,CTS
test-683,CTS
test-684,LTN
test-685,CTS
test-686,APD
test-687,LTN
test-688,LTN
test-689,LTN
test-69,LTN
test-690,LTN
test-691,APD
test-692,LTN
test-693,LTN
test-694,LTN
test-695,CTS
test-696,LTN
test-697,LTN
test-698,CTS
test-699,LTN
test-7,LTN
test-70,LTN
test-700,LTN
test-701,LTN
test-702,LTN
test-703,LTN
test-704,LTN
test-705,LTN
test-706,LTN
test-707,LTN
test-708,LTN
test-709,CTS
test-71,LTN
test-710,CTS
test-711,LTN
test-712,LTN
test-713,APD
test-714,LTN
test-715,LTN
test-716,LTN
test-717,LTN
test-718,LTN
test-719,LTN
test-72,LTN
test-720,APD
test-721,LTN
test-722,CTS
test-723,LTN
test-724,LTN
test-725,LTN
test-726,CTS
test-727,CTS
test-728,LTN
test-729,CTS
test-73,CTS
test-730,CTS
test-731,CTS
test-732,LTN
test-733,LTN
test-734,LTN
test-735,CTS
test-736,LTN
test-737,LTN
test-738,LTN
test-739,LTN
test-74,APD
test-740,LTN
test-741,CTS
test-742,LTN
test-743,LTN
test-744,LTN
test-745,APD
test-746,CTS
test-747,LTN
test-748,LTN
test-749,CTS
test-75,CTS
test-750,LTN
test-751,LTN
test-752,LTN
test-753,CTS
test-754,CTS
test-755,LTN
test-756,CTS
test-757,LTN
test-758,LTN
test-759,LTN
test-76,LTN
test-760,LTN
test-761,LTN
test-762,CTS
test-763,CTS
test-764,LTN
test-765,CTS
test-766,CTS
test-767,LTN
test-768,APD
test-769,LTN
test-77,LTN
test-770,LTN
test-771,CTS
test-772,LTN
test-773,APD
test-774,CTS
test-775,CTS
test-776,LTN
test-777,CTS
test-778,LTN
test-779,CTS
test-78,LTN
test-780,LTN
test-781,CTS
test-782,LTN
test-783,LTN
test-784,LTN
test-785,LTN
test-786,LTN
test-787,CTS
test-788,CTS
test-789,LTN
test-79,LTN
test-790,CTS
test-791,CTS
test-792,CTS
test-793,CTS
test-794,LTN
test-795,LTN
test-796,LTN
test-797,CTS
test-798,LTN
test-799,CTS
test-8,LTN
test-80,CTS
test-800,LTN
test-801,CTS
test-802,LTN
test-803,APD
test-804,LTN
test-805,LTN
test-806,CTS
test-807,LTN
test-808,LTN
test-809,CTS
test-81,LTN
test-810,CTS
test-811,LTN
test-812,LTN
test-813,CTS
test-814,CTS
test-815,LTN
test-816,LTN
test-817,CTS
test-818,LTN
test-819,CTS
test-82,CTS
test-820,CTS
test-821,LTN
test-822,CTS
test-823,CTS
test-824,LTN
test-825,LTN
test-826,CTS
test-827,LTN
test-828,CTS
test-829,APD
test-83,LTN
test-830,LTN
test-831,CTS
test-832,CTS
test-833,CTS
test-834,LTN
test-835,CTS
test-836,CTS
test-837,APD
test-838,LTN
test-839,APD
test-84,LTN
test-840,LTN
test-841,CTS
test-842,CTS
test-843,LTN
test-844,CTS
test-845,LTN
test-846,LTN
test-847,CTS
test-848,LTN
test-849,LTN
test-85,LTN
test-850,CTS
test-851,LTN
test-852,APD
test-853,LTN
test-854,LTN
test-855,CTS
test-856,LTN
test-857,LTN
test-858,LTN
test-859,CTS
test-86,LTN
test-860,LTN
test-861,APD
test-862,CTS
test-863,LTN
test-864,CTS
test-865,CTS
test-866,LTN
test-867,LTN
test-868,LTN
test-869,LTN
test-87,CTS
test-870,LTN
test-871,LTN
test-872,LTN
test-873,LTN
test-874,CTS
test-875,APD
test-876,LTN
test-877,CTS
test-878,LTN
test-879,CTS
test-88,LTN
test-880,LTN
test-881,LTN
test-882,APD
test-883,CTS
test-884,CTS
test-885,CTS
test-886,LTN
test-887,LTN
test-888,APD
test-889,LTN
test-89,CTS
test-890,CTS
test-891,LTN
test-892,LTN
test-893,LTN
test-894,LTN
test-895,LTN
test-896,LTN
test-897,APD
test-898,LTN
test-899,LTN
test-9,CTS
test-90,CTS
test-900,CTS
test-901,LTN
test-902,LTN
test-903,LTN
test-904,LTN
test-905,CTS
test-906,APD
test-907,CTS
test-908,LTN
test-909,CTS
test-91,LTN
test-910,CTS
test-911,LTN
test-912,LTN
test-913,APD
test-914,CTS
test-915,LTN
test-916,CTS
test-917,CTS
test-918,LTN
test-919,CTS
test-92,LTN
test-920,LTN
test-921,LTN
test-922,CTS
test-923,LTN
test-924,LTN
test-925,CTS
test-926,CTS
test-927,CTS
test-928,LTN
test-929,LTN
test-93,APD
test-930,LTN
test-931,CTS
test-932,LTN
test-933,LTN
test-934,APD
test-935,LTN
test-936,LTN
test-937,APD
test-938,APD
test-939,LTN
test-94,LTN
test-940,APD
test-941,LTN
test-942,CTS
test-943,CTS
test-944,APD
test-945,CTS
test-946,CTS
test-947,LTN
test-948,CTS
test-949,LTN
test-95,LTN
test-950,CTS
test-951,CTS
test-952,CTS
test-953,CTS
test-954,APD
test-955,CTS
test-956,LTN
test-957,LTN
test-958,LTN
test-959,LTN
test-96,LTN
test-960,LTN
test-961,LTN
test-962,CTS
test-963,CTS
test-964,LTN
test-965,APD
test-966,LTN
test-967,LTN
test-968,LTN
test-969,CTS
test-97,LTN
test-970,LTN
test-971,CTS
test-972,LTN
test-973,LTN
test-974,LTN
test-975,CTS
test-976,CTS
test-977,LTN
test-978,LTN
test-979,LTN
test-98,CTS
test-980,LTN
test-981,LTN
test-982,LTN
test-983,CTS
test-984,LTN
test-985,LTN
test-986,CTS
test-987,LTN
test-988,LTN
test-989,LTN
test-99,CTS
test-990,CTS
test-991,LTN
test-992,LTN
test-993,CTS
test-994,LTN
test-995,LTN
test-996,LTN
test-997,LTN
test-998,CTS
test-999,LTN
